strategy,Oryx 2, ,,,,,,,SecureBillingEmail, ,,,,,,,SecureWebContainer, ,,,,,,,Wordpress3, ,,,,,,,Wordpress4, ,,,,,,,Wordpress5, ,,,,,,,Wordpress6, ,,,,,,,Wordpress7, ,,,,,,,Wordpress8, ,,,,,,,Wordpress9, ,,,,,,,Wordpress10, ,,,,,,,Wordpress11, ,,,,,,,Wordpress12, ,,,,,,
,offers_20,,offers_40,,offers_250,,offers_500,,offers_20,,offers_40,,offers_250,,offers_500,,offers_20,,offers_40,,offers_250,,offers_500,,offers_20,,offers_40,,offers_250,,offers_500,,offers_20,,offers_40,,offers_250,,offers_500,,offers_20,,offers_40,,offers_250,,offers_500,,offers_20,,offers_40,,offers_250,,offers_500,,offers_20,,offers_40,,offers_250,,offers_500,,offers_20,,offers_40,,offers_250,,offers_500,,offers_20,,offers_40,,offers_250,,offers_500,,offers_20,,offers_40,,offers_250,,offers_500,,offers_20,,offers_40,,offers_250,,offers_500,,offers_20,,offers_40,,offers_250,,offers_500,
,Min Value,Time (secs),Min Value,Time (secs),Min Value,Time (secs),Min Value,Time (secs),Min Value,Time (secs),Min Value,Time (secs),Min Value,Time (secs),Min Value,Time (secs),Min Value,Time (secs),Min Value,Time (secs),Min Value,Time (secs),Min Value,Time (secs),Min Value,Time (secs),Min Value,Time (secs),Min Value,Time (secs),Min Value,Time (secs),Min Value,Time (secs),Min Value,Time (secs),Min Value,Time (secs),Min Value,Time (secs),Min Value,Time (secs),Min Value,Time (secs),Min Value,Time (secs),Min Value,Time (secs),Min Value,Time (secs),Min Value,Time (secs),Min Value,Time (secs),Min Value,Time (secs),Min Value,Time (secs),Min Value,Time (secs),Min Value,Time (secs),Min Value,Time (secs),Min Value,Time (secs),Min Value,Time (secs),Min Value,Time (secs),Min Value,Time (secs),Min Value,Time (secs),Min Value,Time (secs),Min Value,Time (secs),Min Value,Time (secs),Min Value,Time (secs),Min Value,Time (secs),Min Value,Time (secs),Min Value,Time (secs),Min Value,Time (secs),Min Value,Time (secs),Min Value,Time (secs),Min Value,Time (secs),Min Value,Time (secs),Min Value,Time (secs),Min Value,Time (secs),Min Value,Time (secs)
noSymBreaking-default-s-b,{'54.912'},0.12792182,{'54.912'},0.615303993,{'26.4'},13.18275571,{'26.4'},2171.033878,{'1.416'},0.324094057,{'1.012'},6.570881844,{'0.882'},113.4918401,{'0.862'},624.4935172,{'3.759'},3.11552906,{'2.676'},9.726123095,{'1.622'},2400.037846,,,{'1.777'},3.477044821,{'1.396'},381.4773481,{'1.26'},2402.116481,,,{'2.033'},7.750531673,{'1.652'},2402.224601,,,,,{'2.289'},71.62957001,,,,,,,{'2.417'},45.26530886,,,,,,,{'2.673'},188.1925969,,,,,,,{'2.929'},1443.768722,,,,,,,{'3.057'},524.0302382,,,,,,,{'3.313'},2400.057585,,,,,,,,,,,,,,,,,,,,,,
noSymBreaking-no-s-b,{'54.912'},0.135332108,{'54.912'},0.443154335,{'26.4'},13.26359224,{'26.4'},2119.247535,{'1.416'},0.321306705,{'1.012'},2.431146145,{'0.882'},130.278379,{'0.862'},621.719393,{'3.759'},2.914975882,{'2.676'},5.863004208,{'1.622'},2400.051995,,,{'1.777'},3.297501802,{'1.396'},400.4815998,{'1.26'},2401.396975,,,{'2.033'},8.014277935,{'1.652'},2402.163974,,,,,{'2.289'},70.36731386,,,,,,,{'2.417'},46.13617086,,,,,,,{'2.673'},194.3093989,,,,,,,{'2.929'},1466.445465,,,,,,,{'3.057'},544.9597931,,,,,,,{'3.313'},2400.036909,,,,,,,{'3.569'},2403.604778,,,,,,,,,,,,,,
noSymBreaking-reduce-set-lpmethod-default-s-b,,,,,,,,,,,,,,,,,,,,,,,,,,,,,,,,,,,,,,,,,,,,,,,,,,,,,,,,,,,,,,,,,,,,,,,,,,,,,,,,,,,,,,,,,,,,,,,,,,,,,,,,
noSymBreaking-s-b-opt-1,{'54.912'},0.130930901,{'54.912'},0.442399979,{'26.4'},12.639364,{'26.4'},2162.966229,{'1.416'},0.343797922,{'1.012'},2.419358969,{'0.882'},113.761173,{'0.862'},640.8272738,{'3.759'},2.952232122,{'2.676'},5.855579138,{'1.622'},2400.019881,{'1.582'},2400.026376,{'1.777'},3.343336821,{'1.396'},407.2944503,{'1.26'},2401.460384,{'1.21'},2402.35904,{'2.033'},7.792404175,{'1.652'},2401.995574,,,,,{'2.289'},71.47838831,,,,,,,{'2.417'},45.68310714,,,,,,,{'2.673'},186.5264258,,,,,,,{'2.929'},1503.686472,,,,,,,{'3.057'},542.5572829,,,,,,,{'3.313'},2400.069666,,,,,,,,,,,,,,,,,,,,,,
noSymBreaking-s-b-opt-2,{'54.912'},0.110066175,{'54.912'},0.156152248,{'39.516'},0.866899967,{'29.184'},2.781013012,{'1.416'},0.340120077,{'1.012'},1.198138237,{'0.882'},4.72673893,{'0.914'},15.546206,{'3.772'},0.571010113,{'2.676'},2.375421047,{'1.642'},8.249526024,{'1.622'},11.1458621,{'1.777'},3.145997047,{'1.396'},3.790858984,{'1.26'},19.34436202,{'1.21'},24.90116,{'2.033'},7.286875248,{'1.652'},101.903244,{'1.512'},2277.456587,{'1.442'},966.5985479,{'2.289'},31.48474193,{'1.908'},329.604203,{'1.764'},2402.601109,{'1.674'},2405.17972,{'2.417'},69.25654197,{'2.036'},1759.019289,,,,,{'2.673'},124.4942882,{'2.292'},2401.19744,,,,,{'2.929'},472.1746597,,,,,,,{'3.057'},260.2518179,,,,,,,{'3.313'},2401.06839,,,,,,,,,,,,,,,,,,,,,,
noSymBreaking-s-b-opt-3,{'54.912'},0.110799074,{'54.912'},0.142534018,{'39.516'},0.935887098,{'31.968'},2.802388191,{'1.416'},0.388004065,{'1.012'},1.269124269,{'0.902'},3.632727623,{'0.909'},12.21009111,{'3.759'},1.044322014,{'2.676'},3.50240469,{'2.179'},4.004992962,{'2.143'},10.37672091,{'1.777'},2.753139257,{'1.396'},5.152197838,{'1.26'},19.19956303,{'1.21'},25.78453398,{'2.033'},1.152421951,{'1.652'},48.34752774,{'1.512'},474.381695,{'1.442'},832.1580801,{'2.289'},1.410031796,{'1.908'},96.15199208,{'1.764'},2117.583034,{'1.674'},2400.048009,{'2.417'},1.566142797,{'2.036'},293.075984,{'1.89'},2403.386724,,,{'2.673'},2.276359797,{'2.292'},68.92477989,,,,,{'2.929'},2.034916878,{'2.548'},2401.14018,,,,,{'3.057'},2.641038656,,,,,,,{'3.313'},9.479952812,,,,,,,{'3.569'},10.57757902,,,,,,,{'3.697'},11.68413782,,,,,,
noSymBreaking-s-b-opt-4,{'54.912'},0.126556158,{'54.912'},0.136461973,{'54.912'},0.86173296,{'54.912'},2.813098192,{'1.416'},0.077955008,{'1.012'},0.182578325,{'0.886'},0.452363968,{'1.236'},1.939124107,{'3.785'},0.999896765,{'22.464'},0.091960907,{'2.29'},2.459393024,{'2.672'},5.088947058,{'1.777'},1.117769957,{'1.777'},1.683644295,{'1.846'},1.286375284,{'1.931'},3.47710371,{'2.033'},1.331532001,{'2.033'},2.20983386,{'2.102'},2.504179001,{'2.221'},4.702926159,{'2.289'},1.658782005,{'2.289'},8.949206114,{'2.358'},13.15801692,{'2.511'},12.30452299,{'2.417'},1.910860062,{'2.417'},29.78082395,{'2.486'},6.212090969,{'2.656'},21.66582513,{'2.673'},3.471745014,{'2.673'},15.42510009,{'2.742'},10.36577201,{'2.946'},69.08743286,{'2.929'},3.209084272,{'2.929'},228.7407029,{'2.998'},14.99473405,{'3.236'},55.0407989,{'3.057'},3.573917866,{'3.057'},19.51531601,{'3.126'},28.49873614,{'3.381'},77.82221079,{'3.313'},6.970728874,{'3.313'},217.7779601,{'3.382'},14.72840333,{'3.671'},1449.12485,{'3.569'},2.14537096,{'3.569'},3.874411821,{'3.638'},5.24697113,{'3.961'},22.59624481,{'3.697'},3.728595972,{'3.697'},77.20703673,{'3.766'},42.19851613,{'4.106'},2400.974472
noSymBreaking-s-b-opt-5,{'54.912'},0.111184835,{'54.912'},0.143405199,{'39.516'},0.867147923,{'31.968'},2.75496769,{'1.416'},0.397944927,{'1.012'},1.21065402,{'0.884'},2.407979012,{'0.909'},12.03555202,{'3.759'},1.079450846,{'2.676'},3.497966766,{'2.05'},3.236495018,{'2.143'},12.79234505,{'1.777'},5.265726328,{'1.396'},3.085382223,{'1.26'},14.49529004,{'1.21'},19.67052722,{'2.033'},1.319704056,{'1.652'},14.94646907,{'1.512'},476.114243,{'1.442'},846.864351,{'2.289'},1.560660839,{'1.908'},108.6010051,{'1.764'},2400.877071,{'1.674'},2403.546717,{'2.417'},1.690119028,{'2.036'},32.66188812,,,,,{'2.673'},2.016842842,{'2.292'},101.4328442,,,,,{'2.929'},2.921689034,{'2.548'},336.9690261,,,,,{'3.057'},2.629188061,{'2.676'},787.0611823,,,,,{'3.313'},11.05925083,{'2.932'},2400.032562,,,,,{'3.569'},2.119105816,{'3.188'},2409.998099,,,,,{'3.697'},11.753088,,,,,,
FV,{'54.912'},0.17491889,{'54.912'},0.541313887,{'26.4'},2.82480216,{'26.4'},9.077733994,{'1.416'},0.072760105,{'1.012'},0.105170965,{'0.882'},1.244813919,{'0.862'},6.29097414,{'3.759'},0.051182032,{'2.676'},0.096079826,{'1.622'},1.192282915,{'1.582'},6.945688725,{'1.777'},0.382945061,{'1.396'},1.682957888,{'1.26'},128.3648608,{'1.21'},2407.076077,{'2.033'},1.777722836,{'1.652'},2.801437855,{'1.512'},2400.034232,,,{'2.289'},1.914962769,{'1.908'},4.952378273,,,,,{'2.417'},2.139771938,{'2.036'},3.800033808,,,,,{'2.673'},2.28415823,{'2.292'},9.557207584,,,,,{'2.929'},4.822880983,{'2.548'},32.21567583,,,,,{'3.057'},2.532045126,{'2.676'},32.35544705,,,,,{'3.313'},9.024275064,{'2.932'},50.63470507,,,,,{'3.569'},11.66549897,{'3.188'},80.6458621,,,,,{'3.697'},7.056172848,{'3.316'},185.2841601,,,,
L,{'54.912'},0.30935216,{'54.912'},1.40136385,{'26.4'},3.722770929,{'26.4'},25.97398615,{'1.416'},0.376328945,{'1.012'},2.486238956,{'0.882'},16.76874709,{'0.862'},42.72065282,{'3.759'},1.650479794,{'2.676'},2.781620979,{'1.622'},10.97637415,{'1.582'},20.23872304,{'1.777'},4.32425189,{'1.396'},16.58724999,{'1.26'},2400.128119,,,{'2.033'},4.270127058,{'1.652'},81.29032397,,,,,{'2.289'},5.855880976,{'1.908'},263.824914,,,,,{'2.417'},9.275075674,{'2.036'},1051.352779,,,,,{'2.673'},23.85835695,{'2.292'},1257.066693,,,,,{'2.929'},14.39117384,{'2.548'},2405.365561,,,,,{'3.057'},43.47003913,,,,,,,{'3.313'},73.78439498,,,,,,,{'3.569'},264.4466889,,,,,,,{'3.697'},73.48445392,,,,,,
LX,{'54.912'},0.181845903,{'54.912'},0.29847908,{'26.4'},1.109615088,{'26.4'},3.253912926,{'1.416'},0.106933832,{'1.012'},0.253993034,{'0.882'},1.535053968,{'0.862'},6.132255793,{'3.759'},0.078503847,{'2.676'},0.130840063,{'1.622'},1.211210966,{'1.582'},6.959414959,{'1.777'},0.258235216,{'1.396'},0.412478924,{'1.26'},8.737074852,{'1.21'},40.55713797,{'2.033'},0.46841073,{'1.652'},1.108637094,{'1.512'},34.26162505,{'1.442'},1574.345806,{'2.289'},0.808802128,{'1.908'},3.65792799,{'1.764'},1573.211892,{'1.674'},2402.637652,{'2.417'},0.827049971,{'2.036'},1.845077991,{'1.89'},277.8540468,,,{'2.673'},1.598059654,{'2.292'},6.041425228,{'2.142'},662.677228,,,{'2.929'},1.537527084,{'2.548'},6.657855272,{'2.394'},2403.27276,,,{'3.057'},1.546815157,{'2.676'},6.471487999,{'2.52'},2403.327472,,,{'3.313'},1.581233978,{'2.932'},9.73624897,,,,,{'3.569'},4.060384035,{'3.188'},22.70941091,,,,,{'3.697'},3.951676846,{'3.316'},12.220752,,,,
PR,{'54.912'},0.192336798,{'54.912'},0.177936792,{'26.4'},1.535058737,{'26.4'},4.386063099,{'1.416'},0.140148878,{'1.012'},0.274785042,{'0.882'},1.970070839,{'0.862'},10.26540804,{'3.759'},0.324887037,{'2.676'},0.522825956,{'1.622'},5.22616601,{'1.582'},16.01490307,{'1.777'},0.276709795,{'1.396'},1.342808008,{'1.26'},8.352660894,{'1.21'},35.65227604,{'2.033'},0.478832245,{'1.652'},1.851396799,{'1.512'},12.57496715,{'1.442'},59.24325705,{'2.289'},1.397316217,{'1.908'},2.19727993,{'1.764'},20.62479305,{'1.674'},106.331064,{'2.417'},0.547997236,{'2.036'},2.59576273,{'1.89'},24.36099482,{'1.79'},140.7575531,{'2.673'},0.975754261,{'2.292'},3.734333754,{'2.142'},26.3730619,{'2.022'},255.138762,{'2.929'},1.804423809,{'2.548'},3.217602015,{'2.394'},34.38804317,{'2.254'},954.259187,{'3.057'},1.367695808,{'2.676'},4.749468803,{'2.52'},27.9466908,{'2.37'},2400.099518,{'3.313'},2.58623004,{'2.932'},10.96425915,{'2.772'},51.20533204,,,{'3.569'},3.279895782,{'3.188'},8.484750271,{'3.024'},36.80577779,,,{'3.697'},3.247033119,{'3.316'},4.383067846,{'3.15'},54.88134599,,
FVL,{'54.912'},0.152240992,{'54.912'},0.18148303,{'26.4'},1.078497171,{'26.4'},2.67425704,{'1.416'},0.066715717,{'1.012'},0.094594955,{'0.882'},1.387312174,{'0.862'},5.882269382,{'3.759'},0.05044198,{'2.676'},0.091143131,{'1.622'},0.93506813,{'1.582'},3.739694834,{'1.777'},0.281354904,{'1.396'},1.065210104,{'1.26'},17.91029406,{'1.21'},392.164535,{'2.033'},0.420152903,{'1.652'},3.777808905,{'1.512'},300.5075071,{'1.442'},2401.017672,{'2.289'},1.904863834,{'1.908'},4.099766016,{'1.764'},2400.029068,,,{'2.417'},0.999720097,{'2.036'},8.509106159,,,,,{'2.673'},4.345892906,{'2.292'},13.84324408,,,,,{'2.929'},3.11491704,{'2.548'},23.99884892,,,,,{'3.057'},3.035135984,{'2.676'},23.52148294,,,,,{'3.313'},3.145530939,{'2.932'},66.00426507,,,,,{'3.569'},3.085456133,{'3.188'},83.485641,,,,,{'3.697'},4.623136997,{'3.316'},61.12959599,,,,
FVLX,{'54.912'},0.161370754,{'54.912'},0.293196201,{'26.4'},0.809360743,{'26.4'},2.502883911,{'1.416'},0.076679945,{'1.012'},0.135985136,{'0.882'},1.246530056,{'0.862'},5.741892099,{'3.759'},0.051960945,{'2.676'},0.087278128,{'1.622'},0.922451019,{'1.582'},3.274180889,{'1.777'},0.314227819,{'1.396'},0.789496183,{'1.26'},5.38341403,{'1.21'},39.06871891,{'2.033'},0.406600952,{'1.652'},1.552536011,{'1.512'},24.02029419,{'1.442'},1939.884001,{'2.289'},0.820964098,{'1.908'},4.167033195,{'1.764'},558.0417721,{'1.674'},2401.060433,{'2.417'},0.80222702,{'2.036'},3.377399683,{'1.89'},1088.694044,,,{'2.673'},1.451239824,{'2.292'},5.010976076,{'2.142'},795.4975617,,,{'2.929'},1.613390207,{'2.548'},10.14362693,{'2.394'},2402.78153,,,{'3.057'},1.324301958,{'2.676'},6.955867767,,,,,{'3.313'},3.90267086,{'2.932'},8.915620804,,,,,{'3.569'},3.692327976,{'3.188'},19.40106273,,,,,{'3.697'},3.106766939,{'3.316'},18.3313098,,,,
FVPR,{'54.912'},0.11071372,{'54.912'},0.138484001,{'26.4'},0.817077875,{'26.4'},2.50717783,{'1.416'},0.063760996,{'1.012'},0.090168953,{'0.882'},1.501033068,{'0.862'},5.907598734,{'3.759'},0.047740936,{'2.676'},0.09170723,{'1.622'},1.110840082,{'1.582'},6.94034791,{'1.777'},0.257472038,{'1.396'},0.355849981,{'1.26'},6.834488869,{'1.21'},24.94964886,{'2.033'},0.264791012,{'1.652'},0.492247105,{'1.512'},9.508112192,{'1.442'},46.47024059,{'2.289'},0.435600996,{'1.908'},0.89479804,{'1.764'},12.7219131,{'1.674'},58.4570477,{'2.417'},0.400088787,{'2.036'},0.714459896,{'1.89'},14.50724983,{'1.79'},47.88622308,{'2.673'},0.902116299,{'2.292'},1.659118176,{'2.142'},20.81388116,{'2.022'},97.92330599,{'2.929'},0.906327009,{'2.548'},1.375277042,{'2.394'},19.89543509,{'2.254'},180.487179,{'3.057'},0.99527812,{'2.676'},1.618519068,{'2.52'},29.92779779,{'2.37'},109.5063581,{'3.313'},1.068782091,{'2.932'},2.003550053,{'2.772'},21.94138217,{'2.602'},148.8746932,{'3.569'},2.154231787,{'3.188'},2.488636017,{'3.024'},27.97501993,{'2.834'},180.834132,{'3.697'},1.296290874,{'3.316'},2.889003992,{'3.15'},40.92923307,{'2.95'},258.8825312
LLX,{'54.912'},0.906238079,{'54.912'},1.317754745,{'26.4'},59.27768826,{'26.4'},2401.683736,{'1.416'},0.320832014,{'1.012'},0.549852371,{'0.882'},3.472496986,{'0.862'},22.78400207,{'3.759'},0.58396101,{'2.676'},1.195394039,{'1.622'},4.020476818,{'1.582'},28.73400211,{'1.777'},0.724138021,{'1.396'},1.027942181,{'1.26'},14.16271591,{'1.21'},78.03801513,{'2.033'},1.240684986,{'1.652'},2.464246988,{'1.512'},53.22434807,{'1.442'},439.4226098,{'2.289'},1.417380095,{'1.908'},4.805851936,{'1.764'},411.411572,{'1.674'},1933.370376,{'2.417'},1.672605991,{'2.036'},7.949624062,{'1.89'},464.0913761,{'1.79'},2400.941352,{'2.673'},2.473881245,{'2.292'},9.454866886,{'2.142'},1302.202923,{'2.022'},2400.164687,{'2.929'},4.554923058,{'2.548'},10.71941996,{'2.394'},2402.847873,,,{'3.057'},3.771714926,{'2.676'},15.98086619,{'2.52'},2400.049874,,,{'3.313'},5.859462976,{'2.932'},12.55798507,{'2.772'},2402.517011,,,{'3.569'},6.236809969,{'3.188'},28.37245488,{'3.024'},2401.90084,,,{'3.697'},10.11054397,{'3.316'},42.20688772,{'3.15'},2402.443338,,
LPR,{'54.912'},0.31983304,{'54.912'},0.557396889,{'26.4'},19.51992512,{'26.4'},13.71812296,{'1.416'},0.265144825,{'1.012'},0.475515842,{'0.882'},4.128027916,{'0.862'},15.53514099,{'3.759'},0.479519129,{'2.676'},1.049980879,{'1.622'},4.949145079,{'1.582'},19.98391771,{'1.777'},0.575902939,{'1.396'},2.361474037,{'1.26'},10.50841784,{'1.21'},137.7731531,{'2.033'},3.665399075,{'1.652'},3.13804388,{'1.512'},29.08440804,{'1.442'},710.6550529,{'2.289'},4.824269772,{'1.908'},4.670846939,{'1.764'},123.6579909,{'1.674'},720.0500131,{'2.417'},3.876599073,{'2.036'},4.803120136,{'1.89'},297.554018,{'1.79'},627.7753208,{'2.673'},4.055932283,{'2.292'},6.251238346,{'2.142'},462.5845881,{'2.022'},2400.093644,{'2.929'},6.765239,{'2.548'},22.23327994,{'2.394'},2400.036282,,,{'3.057'},14.80924082,{'2.676'},13.06283712,{'2.52'},379.2300501,,,{'3.313'},7.034369946,{'2.932'},55.03651094,{'2.772'},684.3339632,,,{'3.569'},21.02242994,{'3.188'},60.86027789,{'3.024'},2400.04937,,,{'3.697'},10.12764287,{'3.316'},26.52356982,,,,
PRL,{'54.912'},0.236854792,{'54.912'},0.250731945,{'26.4'},1.935979128,{'26.4'},4.619920015,{'1.416'},0.160963774,{'1.012'},0.266639709,{'0.882'},1.959361076,{'0.862'},11.2506671,{'3.759'},0.324967861,{'2.676'},0.561373949,{'1.622'},5.225468874,{'1.582'},16.92107224,{'1.777'},0.251096964,{'1.396'},0.421756983,{'1.26'},6.391367912,{'1.21'},20.36778688,{'2.033'},0.514276981,{'1.652'},1.388898134,{'1.512'},10.63332295,{'1.442'},36.41791797,{'2.289'},0.509743214,{'1.908'},1.937908888,{'1.764'},23.01221704,{'1.674'},48.89353299,{'2.417'},0.541231155,{'2.036'},2.469881773,{'1.89'},14.67501211,{'1.79'},45.92693472,{'2.673'},1.315163136,{'2.292'},2.589402199,{'2.142'},22.78428006,{'2.022'},59.81132483,{'2.929'},1.332366228,{'2.548'},3.111485958,{'2.394'},30.34417415,{'2.254'},80.43324614,{'3.057'},1.19761014,{'2.676'},5.824934959,{'2.52'},35.95411205,{'2.37'},72.527637,{'3.313'},1.933286905,{'2.932'},3.711871862,{'2.772'},32.19761992,{'2.602'},117.0498922,{'3.569'},1.66595602,{'3.188'},5.390818119,{'3.024'},46.27897382,{'2.834'},109.9164579,{'3.697'},0.980770826,{'3.316'},6.310472965,{'3.15'},46.59008098,{'2.95'},148.9891601
PRLX,{'54.912'},0.416517019,{'54.912'},0.345863819,{'26.4'},2.834857225,{'26.4'},5.972190857,{'1.416'},0.217285872,{'1.012'},0.506796837,{'0.882'},2.740281105,{'0.862'},10.89815307,{'3.759'},0.434220076,{'2.676'},0.723073721,{'1.622'},5.526129723,{'1.582'},18.07222605,{'1.777'},0.480742693,{'1.396'},0.971333027,{'1.26'},8.071937084,{'1.21'},24.51973033,{'2.033'},0.657779217,{'1.652'},3.29777503,{'1.512'},9.978552103,{'1.442'},46.72599816,{'2.289'},1.827450991,{'1.908'},4.694556236,{'1.764'},16.63628078,{'1.674'},59.28688312,{'2.417'},7.032294989,{'2.036'},7.737672091,{'1.89'},37.82284904,{'1.79'},70.55548716,{'2.673'},4.822961092,{'2.292'},6.907463074,{'2.142'},50.09323287,{'2.022'},931.4062011,{'2.929'},7.287204266,{'2.548'},10.40464187,{'2.394'},66.76697993,{'2.254'},152.4358253,{'3.057'},6.96377492,{'2.676'},13.76888108,{'2.52'},83.13620877,{'2.37'},191.7789578,{'3.313'},9.611475945,{'2.932'},21.58101511,{'2.772'},66.45679021,{'2.602'},1757.635471,{'3.569'},9.333938122,{'3.188'},32.70060802,{'3.024'},85.21377015,{'2.834'},168.8504348,{'3.697'},14.304281,{'3.316'},23.34706688,{'3.15'},89.14598203,{'2.95'},2401.746307
FVLLX,{'54.912'},0.297409058,{'54.912'},0.411542892,{'26.4'},1.511985779,{'26.4'},5.265956163,{'1.416'},0.06136322,{'1.012'},0.127863169,{'0.882'},1.44810915,{'0.862'},5.806929111,{'3.759'},0.046550035,{'2.676'},0.087725878,{'1.622'},0.974628925,{'1.582'},3.484769106,{'1.777'},0.420674086,{'1.396'},1.098656893,{'1.26'},10.03166175,{'1.21'},52.978374,{'2.033'},0.517192841,{'1.652'},1.290539026,{'1.512'},57.20112014,{'1.442'},2403.019332,{'2.289'},1.882949114,{'1.908'},4.602345228,{'1.764'},477.8945,,,{'2.417'},1.267891884,{'2.036'},5.169854879,{'1.89'},568.7152121,,,{'2.673'},1.708349228,{'2.292'},5.089834929,{'2.142'},1521.278788,,,{'2.929'},3.901870728,{'2.548'},9.963686228,{'2.394'},2404.547287,,,{'3.057'},2.181128979,{'2.676'},8.988506794,,,,,{'3.313'},3.948801756,{'2.932'},10.12087774,,,,,{'3.569'},7.854300976,{'3.188'},14.38815188,,,,,{'3.697'},4.887690067,{'3.316'},27.60361695,,,,
FVLPR,{'54.912'},0.251194,{'54.912'},0.174426079,{'26.4'},2.050450087,{'26.4'},3.235903263,{'1.416'},0.067978859,{'1.012'},0.145083189,{'0.882'},1.170553207,{'0.862'},6.623132944,{'3.759'},0.060079336,{'2.676'},0.08355999,{'1.622'},1.371412992,{'1.582'},5.702937841,{'1.777'},0.399505854,{'1.396'},0.944421053,{'1.26'},9.196757555,{'1.21'},46.44048738,{'2.033'},0.754414082,{'1.652'},1.823120117,{'1.512'},44.56682086,{'1.442'},2400.041353,{'2.289'},0.867151022,{'1.908'},2.960196972,{'1.764'},517.1674027,{'1.674'},138.6174164,{'2.417'},0.946063995,{'2.036'},2.578593016,{'1.89'},159.6713033,,,{'2.673'},2.664044142,{'2.292'},5.596420288,{'2.142'},280.6517539,,,{'2.929'},2.788218737,{'2.548'},5.329771042,{'2.394'},559.3784723,,,{'3.057'},2.50216794,{'2.676'},5.680964947,{'2.52'},956.1852829,,,{'3.313'},3.240954876,{'2.932'},6.207162857,{'2.772'},476.978152,,,{'3.569'},11.68187499,{'3.188'},28.05640864,{'3.024'},2400.056661,,,{'3.697'},3.357557774,{'3.316'},13.51013899,,,,
LPRLX,{'54.912'},0.788357973,{'54.912'},1.024803162,{'26.4'},41.59993386,{'26.4'},280.4642482,{'1.416'},0.442082644,{'1.012'},0.586219072,{'0.882'},4.542035103,{'0.862'},17.088835,{'3.759'},1.033620358,{'2.676'},1.232658863,{'1.622'},17.04545403,{'1.582'},46.38209987,{'1.777'},1.263571262,{'1.396'},3.122034073,{'1.26'},53.18161583,{'1.21'},486.524389,{'2.033'},1.912639141,{'1.652'},15.57631373,{'1.512'},241.0458887,{'1.442'},2400.898187,{'2.289'},14.45401978,{'1.908'},23.59399009,{'1.764'},120.8704488,,,{'2.417'},5.858344316,{'2.036'},27.83084583,{'1.89'},2400.046546,,,{'2.673'},13.49339795,{'2.292'},82.69424105,,,,,{'2.929'},55.13316607,{'2.548'},50.89475513,,,,,{'3.057'},89.81974792,{'2.676'},86.69234419,,,,,{'3.313'},26.20126796,{'2.932'},512.539022,,,,,{'3.569'},65.89389491,{'3.188'},420.9925928,,,,,{'3.697'},153.4006081,{'3.316'},137.8316529,,,,
PRLLX,{'54.912'},0.888715029,{'54.912'},1.440006971,{'26.4'},4.039629936,{'26.4'},9.398723125,{'1.416'},0.294308901,{'1.012'},0.445979118,{'0.882'},1.958692789,{'0.862'},7.322220087,{'3.759'},0.495155096,{'2.676'},0.890818119,{'1.622'},4.492908001,{'1.582'},16.938936,{'1.777'},1.275324106,{'1.396'},2.711718798,{'1.26'},8.349611998,{'1.21'},33.75121307,{'2.033'},1.573137283,{'1.652'},6.280683994,{'1.512'},11.72584009,{'1.442'},50.88256693,{'2.289'},1.567412376,{'1.908'},7.580641985,{'1.764'},28.29767394,{'1.674'},93.48670888,{'2.417'},2.303454161,{'2.036'},6.737327099,{'1.89'},26.62792301,{'1.79'},77.34450603,{'2.673'},8.372062922,{'2.292'},9.425290108,{'2.142'},48.81234694,{'2.022'},415.9818029,{'2.929'},8.518954992,{'2.548'},23.82353401,{'2.394'},62.61746407,{'2.254'},783.9567981,{'3.057'},9.72680974,{'2.676'},21.25479007,{'2.52'},68.58193517,{'2.37'},520.4519157,{'3.313'},10.95175672,{'2.932'},16.53325701,{'2.772'},79.7739079,{'2.602'},965.354141,{'3.569'},12.84648705,{'3.188'},31.05171084,{'3.024'},86.46383882,{'2.834'},291.986037,{'3.697'},12.5325501,{'3.316'},33.31349301,{'3.15'},90.65150309,{'2.95'},663.1893687
FVPRL,{'54.912'},0.134876966,{'54.912'},0.159656048,{'26.4'},0.818672895,{'26.4'},2.502299309,{'1.416'},0.051117897,{'1.012'},0.121251822,{'0.882'},1.155100822,{'0.862'},5.755594015,{'3.759'},0.062409163,{'2.676'},0.108954191,{'1.622'},1.198445082,{'1.582'},4.809467793,{'1.777'},0.233649254,{'1.396'},0.352273226,{'1.26'},5.222584724,{'1.21'},19.40412688,{'2.033'},0.393194914,{'1.652'},0.506958008,{'1.512'},8.839510202,{'1.442'},29.50514793,{'2.289'},0.406175137,{'1.908'},0.838469028,{'1.764'},10.88989305,{'1.674'},51.14380789,{'2.417'},0.463644028,{'2.036'},0.927660227,{'1.89'},11.00257492,{'1.79'},42.21535516,{'2.673'},0.479249001,{'2.292'},0.884492874,{'2.142'},13.79794097,{'2.022'},67.64170909,{'2.929'},0.65999794,{'2.548'},1.914490223,{'2.394'},19.1871469,{'2.254'},106.147764,{'3.057'},0.708487034,{'2.676'},2.062136173,{'2.52'},20.18070388,{'2.37'},78.51504922,{'3.313'},1.626109838,{'2.932'},1.703840971,{'2.772'},31.27127504,{'2.602'},129.8975649,{'3.569'},2.178524017,{'3.188'},2.622560978,{'3.024'},28.03249478,{'2.834'},183.7152147,{'3.697'},1.479700089,{'3.316'},1.217903852,{'3.15'},24.53759193,{'2.95'},375.315659
FVPRLX,{'54.912'},0.34300375,{'54.912'},0.270747185,{'26.4'},0.943845987,{'26.4'},2.916424751,{'1.416'},0.062630892,{'1.012'},0.132586002,{'0.882'},1.376658916,{'0.862'},5.83268404,{'3.759'},0.059621096,{'2.676'},0.114198208,{'1.622'},1.30731678,{'1.582'},5.356848717,{'1.777'},0.39573288,{'1.396'},0.749694109,{'1.26'},6.849609852,{'1.21'},26.26188016,{'2.033'},0.67449379,{'1.652'},1.705543995,{'1.512'},9.250348091,{'1.442'},35.07253933,{'2.289'},0.593139887,{'1.908'},2.707509995,{'1.764'},12.14820886,{'1.674'},67.31519723,{'2.417'},0.742253065,{'2.036'},2.387202024,{'1.89'},13.43337393,{'1.79'},62.620368,{'2.673'},1.621839762,{'2.292'},3.451498032,{'2.142'},19.23959112,{'2.022'},66.93216515,{'2.929'},4.952900887,{'2.548'},5.404209852,{'2.394'},26.02058196,{'2.254'},184.2164421,{'3.057'},2.110429049,{'2.676'},4.441434145,{'2.52'},19.85578799,{'2.37'},169.729094,{'3.313'},3.205003023,{'2.932'},5.057607889,{'2.772'},21.85074091,{'2.602'},116.7545941,{'3.569'},3.809025049,{'3.188'},6.66770196,{'3.024'},30.81565189,{'2.834'},345.734987,{'3.697'},4.063789129,{'3.316'},4.645993948,{'3.15'},40.56704926,{'2.95'},406.280555
FVLPRLX,{'54.912'},0.339071989,{'54.912'},0.346683979,{'26.4'},2.808491945,{'26.4'},9.967915058,{'1.416'},0.080560923,{'1.012'},0.132588148,{'0.882'},1.418703794,{'0.862'},6.309549809,{'3.759'},0.082647085,{'2.676'},0.116240263,{'1.622'},1.362180948,{'1.582'},4.846455097,{'1.777'},0.737476826,{'1.396'},1.164009094,{'1.26'},15.14505816,{'1.21'},89.44701505,{'2.033'},0.638534784,{'1.652'},4.875962973,{'1.512'},86.85783172,{'1.442'},771.7378862,{'2.289'},3.729987144,{'1.908'},5.262083054,{'1.764'},223.6324971,{'1.674'},2400.061043,{'2.417'},4.668254852,{'2.036'},7.479668856,{'1.89'},235.297801,{'1.79'},2400.057492,{'2.673'},3.460742235,{'2.292'},12.15421414,{'2.142'},2400.034914,,,{'2.929'},11.48435187,{'2.548'},27.00510383,{'2.394'},1141.959203,,,{'3.057'},5.758669138,{'2.676'},23.953933,{'2.52'},2400.04558,,,{'3.313'},7.452339888,{'2.932'},35.01279593,{'2.772'},2400.057915,,,{'3.569'},21.5871501,{'3.188'},25.62188125,,,,,{'3.697'},28.21655703,{'3.316'},64.53654981,,,,
FVPRLLX,{'54.912'},0.250854254,{'54.912'},0.341834068,{'26.4'},1.085147142,{'26.4'},2.970617056,{'1.416'},0.058748007,{'1.012'},0.153427839,{'0.882'},1.422333956,{'0.862'},5.787669897,{'3.759'},0.071124077,{'2.676'},0.101364136,{'1.622'},1.353960991,{'1.582'},4.918313026,{'1.777'},0.317301035,{'1.396'},0.50583601,{'1.26'},7.147724152,{'1.21'},24.74543691,{'2.033'},0.640889168,{'1.652'},1.222243071,{'1.512'},9.019257784,{'1.442'},46.55316782,{'2.289'},2.482244253,{'1.908'},2.055236101,{'1.764'},12.5126369,{'1.674'},57.87844896,{'2.417'},2.034195185,{'2.036'},3.027717113,{'1.89'},23.50378776,{'1.79'},79.75229812,{'2.673'},1.59422493,{'2.292'},5.485741138,{'2.142'},28.24960494,{'2.022'},85.15320492,{'2.929'},4.728824139,{'2.548'},5.392039061,{'2.394'},37.79721999,{'2.254'},116.632426,{'3.057'},4.631117105,{'2.676'},5.72596097,{'2.52'},34.81748009,{'2.37'},205.6476958,{'3.313'},3.338035107,{'2.932'},11.2376411,{'2.772'},46.15718508,{'2.602'},221.0400949,{'3.569'},5.391541004,{'3.188'},8.444782019,{'3.024'},68.10549188,{'2.834'},661.2041819,{'3.697'},5.007703066,{'3.316'},7.02076292,{'3.15'},76.54581213,{'2.95'},351.0559881
MIN_VAL,,0.110066175,,0.136461973,0,0.809360743,0,2.502299309,0,0.051117897,0,0.090168953,0,0.452363968,0,1.939124107,0,0.046550035,0,0.08355999,0,0.922451019,0,3.274180889,0,0.233649254,0,0.352273226,0,1.286375284,0,3.47710371,0,0.264791012,0,0.492247105,0,2.504179001,0,4.702926159,0,0.406175137,0,0.838469028,0,10.88989305,0,12.30452299,0,0.400088787,0,0.714459896,0,6.212090969,0,21.66582513,0,0.479249001,0,0.884492874,0,10.36577201,0,59.81132483,0,0.65999794,0,1.375277042,0,14.99473405,0,55.0407989,0,0.708487034,0,1.618519068,0,19.85578799,0,72.527637,0,1.068782091,0,1.703840971,0,14.72840333,0,116.7545941,0,1.66595602,0,2.488636017,0,5.24697113,0,22.59624481,0,0.980770826,0,1.217903852,0,24.53759193,0,148.9891601