strategy;Oryx 2; ;;;;;;;SecureBillingEmail; ;;;;;;;SecureWebContainer; ;;;;;;;Wordpress3; ;;;;;;;Wordpress4; ;;;;;;;Wordpress5; ;;;;;;;Wordpress6; ;;;;;;;Wordpress7; ;;;;;;;Wordpress8; ;;;;;;;Wordpress9; ;;;;;;;Wordpress10; ;;;;;;;Wordpress11; ;;;;;;;Wordpress12; ;;;;;;
;offers_20;;offers_40;;offers_250;;offers_500;;offers_20;;offers_40;;offers_250;;offers_500;;offers_20;;offers_40;;offers_250;;offers_500;;offers_20;;offers_40;;offers_250;;offers_500;;offers_20;;offers_40;;offers_250;;offers_500;;offers_20;;offers_40;;offers_250;;offers_500;;offers_20;;offers_40;;offers_250;;offers_500;;offers_20;;offers_40;;offers_250;;offers_500;;offers_20;;offers_40;;offers_250;;offers_500;;offers_20;;offers_40;;offers_250;;offers_500;;offers_20;;offers_40;;offers_250;;offers_500;;offers_20;;offers_40;;offers_250;;offers_500;;offers_20;;offers_40;;offers_250;;offers_500;
;Min Value;Time (secs);Min Value;Time (secs);Min Value;Time (secs);Min Value;Time (secs);Min Value;Time (secs);Min Value;Time (secs);Min Value;Time (secs);Min Value;Time (secs);Min Value;Time (secs);Min Value;Time (secs);Min Value;Time (secs);Min Value;Time (secs);Min Value;Time (secs);Min Value;Time (secs);Min Value;Time (secs);Min Value;Time (secs);Min Value;Time (secs);Min Value;Time (secs);Min Value;Time (secs);Min Value;Time (secs);Min Value;Time (secs);Min Value;Time (secs);Min Value;Time (secs);Min Value;Time (secs);Min Value;Time (secs);Min Value;Time (secs);Min Value;Time (secs);Min Value;Time (secs);Min Value;Time (secs);Min Value;Time (secs);Min Value;Time (secs);Min Value;Time (secs);Min Value;Time (secs);Min Value;Time (secs);Min Value;Time (secs);Min Value;Time (secs);Min Value;Time (secs);Min Value;Time (secs);Min Value;Time (secs);Min Value;Time (secs);Min Value;Time (secs);Min Value;Time (secs);Min Value;Time (secs);Min Value;Time (secs);Min Value;Time (secs);Min Value;Time (secs);Min Value;Time (secs);Min Value;Time (secs);Min Value;Time (secs);Min Value;Time (secs);Min Value;Time (secs);Min Value;Time (secs)
noSymBreaking;{'54.912'};61.5083749294281;{'54912/1000'};20.15;{'26400/1000'};365.77;{'26400/1000'};881.34;{'1416/1000'};0.21;{'1012/1000'};0.46;{'882/1000'};3.03;{'862/1000'};9.2;{'3759/1000'};0.34;{'2676/1000'};0.85;{'1622/1000'};11.08;{'1582/1000'};27.38;{'1777/1000'};2.26;{'1396/1000'};7.54;{'1260/1000'};223.66;{'1210/1000'};547.2;{'2033/1000'};50.37;{'1652/1000'};385.17;;;;;;;;;;;;;;;;;;;;;;;;;;;;;;;;;;;;;;;;;;;;;;;;;;;;;;;;;;;;;;;;;;;;
FV;{'54912/1000'};0.7221710681915283;{'54912/1000'};1.3379905223846436;{'26400/1000'};16.52817940711975;{'26400/1000'};84.40665197372437;{'1416/1000'};0.08950185775756836;{'1012/1000'};0.2677304744720459;{'882/1000'};0.763641357421875;{'862/1000'};1.9191722869873047;{'3759/1000'};0.15774106979370117;{'2676/1000'};0.3650848865509033;{'1622/1000'};1.5170845985412598;{'1582/1000'};2.365635871887207;{'1777/1000'};0.47707486152648926;{'1396/1000'};1.0931437015533447;{'1260/1000'};12.569973230361938;{'1210/1000'};24.355321407318115;{'2033/1000'};0.5785133838653564;{'1652/1000'};2.7317333221435547;{'1512/1000'};49.83820390701294;{'1442/1000'};160.99824690818787;{'2289/1000'};1.1085209846496582;{'1908/1000'};5.841043710708618;{'1764/1000'};167.88326478004456;{'1674/1000'};787.0741794109344;{'2417/1000'};1.641481876373291;{'2036/1000'};6.105731725692749;{'1890/1000'};853.8715300559998;;;{'2673/1000'};2.3179993629455566;{'2292/1000'};19.296128273010254;;;;;{'2929/1000'};15.249731063842773;{'2548/1000'};174.09473943710327;;;;;{'3057/1000'};23.957141399383545;{'2676/1000'};202.33974051475525;;;;;{'3313/1000'};71.7077739238739;{'2932/1000'};1008.3024709224701;;;;;{'3569/1000'};253.62196111679077;{'3188/1000'};2328.6062042713165;;;;;{'3697/1000'};239.09193181991577;;;;;;
L;{'54.912'};1.4197781085968018;{'54.912'};2.867525815963745;{'26.4'};21.686846017837524;{'26.4'};38.70344614982605;{'1.416'};0.24743294715881348;{'1.012'};0.4874417781829834;{'0.882'};3.2428290843963623;{'0.862'};5.758148908615112;{'3.759'};0.20294809341430664;{'2.676'};0.5840098857879639;{'1.622'};3.7976388931274414;{'1.582'};11.352832794189453;{'1.777'};0.7199828624725342;{'1.396'};1.7663087844848633;{'1.26'};14.203834056854248;{'1.21'};25.020294904708862;{'2.033'};2.0864598751068115;{'1.652'};4.269554853439331;{'1.512'};61.581987142562866;{'1.442'};127.11806082725525;{'2.289'};8.872409105300903;{'1.908'};12.527580976486206;{'1.764'};172.7015562057495;{'1.674'};374.1961748600006;{'2.417'};12.599560022354126;{'2.036'};20.2901771068573;{'1.89'};198.14470195770264;{'1.79'};589.1827211380005;{'2.673'};94.01151919364929;{'2.292'};89.73200011253357;{'2.142'};1523.7778198719025;;;{'2.929'};918.7261941432953;;;;;;;{'3.057'};2566.6923336982727;;;;;;;;;;;;;;;;;;;;;;;;;;;;;;
LX;{'54912/1000'};0.33492398262023926;{'54912/1000'};1.2650518417358398;{'26400/1000'};10.754012107849121;{'26400/1000'};39.01543998718262;{'1416/1000'};0.15975022315979004;{'1012/1000'};0.438525915145874;{'882/1000'};2.612161874771118;{'862/1000'};7.70821213722229;{'3759/1000'};0.15541410446166992;{'2676/1000'};0.5986959934234619;{'1622/1000'};3.3455963134765625;{'1582/1000'};6.702375888824463;{'1777/1000'};0.32486796379089355;{'1396/1000'};1.153568983078003;{'1260/1000'};7.098653078079224;{'1210/1000'};29.447376012802124;{'2033/1000'};0.5930109024047852;{'1652/1000'};2.090909004211426;{'1512/1000'};13.647672891616821;{'1442/1000'};54.50003528594971;{'2289/1000'};0.8759422302246094;{'1908/1000'};2.980531930923462;{'1764/1000'};18.115657091140747;{'1674/1000'};77.51454210281372;{'2417/1000'};1.1675891876220703;{'2036/1000'};4.498311996459961;{'1890/1000'};24.254438161849976;{'1790/1000'};117.47041821479797;{'2673/1000'};1.6842360496520996;{'2292/1000'};6.05319619178772;{'2142/1000'};40.69882869720459;{'2022/1000'};140.93489599227905;{'2929/1000'};2.5572590827941895;{'2548/1000'};13.061463832855225;{'2394/1000'};107.47904896736145;{'2254/1000'};302.5385949611664;{'3057/1000'};3.335099935531616;{'2676/1000'};16.5034339427948;{'2520/1000'};111.81198120117188;{'2370/1000'};396.4502069950104;{'3313/1000'};4.302304983139038;{'2932/1000'};21.933653831481934;{'2772/1000'};126.13870787620544;{'2602/1000'};467.52423119544983;{'3569/1000'};5.453646898269653;{'3188/1000'};28.962138891220093;{'3024/1000'};155.49302506446838;{'2834/1000'};436.15615797042847;{'3697/1000'};5.552765846252441;{'3316/1000'};32.68921208381653;{'3150/1000'};188.8634490966797;{'2950/1000'};690.1722159385681
PR;{'54912/1000'};0.4357872009277344;{'54912/1000'};1.2133986949920654;{'26400/1000'};3.8914334774017334;{'26400/1000'};10.083740472793579;{'1416/1000'};0.11501145362854004;{'1012/1000'};0.3343515396118164;{'882/1000'};0.7997021675109863;{'862/1000'};2.2995378971099854;{'3759/1000'};0.12829208374023438;{'2676/1000'};0.4115755558013916;{'1622/1000'};1.8000106811523438;{'1582/1000'};3.236534833908081;{'1777/1000'};0.2723534107208252;{'1396/1000'};0.6934061050415039;{'1260/1000'};1.360107660293579;{'1210/1000'};4.266460180282593;{'2033/1000'};0.40653395652770996;{'1652/1000'};1.3366830348968506;{'1512/1000'};3.9152309894561768;{'1442/1000'};12.262326002120972;{'2289/1000'};0.5953686237335205;{'1908/1000'};2.226260185241699;{'1764/1000'};12.165214538574219;{'1674/1000'};22.857462167739868;{'2417/1000'};0.8220510482788086;{'2036/1000'};2.403015613555908;{'1890/1000'};11.369475841522217;{'1790/1000'};25.964120388031006;{'2673/1000'};1.1489124298095703;{'2292/1000'};4.781457424163818;{'2142/1000'};23.93044686317444;{'2022/1000'};46.051082372665405;{'3057/1000'};1.950683355331421;{'2548/1000'};15.907603740692139;{'2394/1000'};139.66807007789612;{'2254/1000'};260.43830823898315;{'3057/1000'};1.9720909595489502;{'2676/1000'};15.624880075454712;{'2520/1000'};273.2807648181915;{'2370/1000'};375.2862777709961;{'3313/1000'};5.946900129318237;{'2932/1000'};62.43739318847656;{'2772/1000'};492.0916805267334;;;{'3569/1000'};27.237653255462646;{'3188/1000'};216.74394369125366;{'3024/1000'};2078.363980293274;;;{'3697/1000'};28.434858560562134;{'3316/1000'};225.29635763168335;{'3150/1000'};1755.924046754837;;
FVL;{'54.912'};0.4470047950744629;{'54.912'};1.254317045211792;{'26.4'};8.365836143493652;{'26.4'};27.85230588912964;{'1.416'};0.16852879524230957;{'1.012'};0.3513610363006592;{'0.882'};1.209360122680664;{'0.862'};3.7697389125823975;{'3.759'};0.15576505661010742;{'2.676'};0.42783522605895996;{'1.622'};1.9634380340576172;{'1.582'};5.100452184677124;{'1.777'};0.4184730052947998;{'1.396'};1.3326802253723145;{'1.26'};7.433058738708496;{'1.21'};17.793792009353638;{'2.033'};0.6952848434448242;{'1.652'};2.1900317668914795;{'1.512'};15.39522123336792;{'1.442'};53.21863389015198;{'2.289'};1.0631170272827148;{'1.908'};3.386287212371826;{'1.764'};22.527924060821533;{'1.674'};51.09716200828552;{'2.417'};1.0605638027191162;{'2.036'};4.197606801986694;{'1.89'};41.35067796707153;{'1.79'};81.8122489452362;{'2.673'};1.6392359733581543;{'2.292'};5.915460824966431;{'2.142'};55.16383481025696;{'2.022'};110.59217286109924;{'2.929'};3.916053056716919;{'2.548'};16.122915744781494;{'2.394'};168.14711999893188;{'2.254'};681.0343570709229;{'3.057'};4.017488718032837;{'2.676'};19.16021203994751;{'2.52'};173.9003849029541;{'2.37'};864.2723081111908;{'3.313'};4.79053807258606;{'2.932'};27.400431871414185;{'2.772'};399.4587309360504;{'2.602'};863.613343000412;{'3.569'};9.919584035873413;{'3.188'};35.42884016036987;{'3.024'};422.99284982681274;{'2.834'};1314.3700048923492;{'3.697'};7.583434343338013;{'3.316'};36.607404947280884;{'3.15'};535.9393768310547;{'2.95'};1229.0073590278625
FVLX;{'54912/1000'};0.45391011238098145;{'54912/1000'};1.4654648303985596;{'26400/1000'};6.965967178344727;{'26400/1000'};33.70113396644592;{'1416/1000'};0.20026588439941406;{'1012/1000'};0.38257908821105957;{'882/1000'};1.6844508647918701;{'862/1000'};2.680964946746826;{'3759/1000'};0.19661879539489746;{'2676/1000'};0.5266368389129639;{'1622/1000'};3.862967014312744;{'1582/1000'};4.69482684135437;{'1777/1000'};0.43562817573547363;{'1396/1000'};1.2936599254608154;{'1260/1000'};6.130167007446289;{'1210/1000'};25.489131927490234;{'2033/1000'};0.6092870235443115;{'1652/1000'};2.626555919647217;{'1512/1000'};14.889094114303589;{'1442/1000'};37.99474024772644;{'2289/1000'};1.0595393180847168;{'1908/1000'};2.9108941555023193;{'1764/1000'};21.458399057388306;{'1674/1000'};72.54976773262024;{'2417/1000'};1.1566150188446045;{'2036/1000'};4.385900974273682;{'1890/1000'};45.77721285820007;{'1790/1000'};59.70853805541992;{'2673/1000'};1.4616961479187012;{'2292/1000'};7.757899761199951;{'2142/1000'};43.8133819103241;{'2022/1000'};92.17154788970947;{'2929/1000'};2.561969041824341;{'2548/1000'};15.450132131576538;{'2394/1000'};161.761483669281;{'2254/1000'};303.2135479450226;{'3057/1000'};3.10443115234375;{'2676/1000'};17.688101291656494;{'2520/1000'};167.58898401260376;{'2370/1000'};253.92995500564575;{'3313/1000'};5.4097630977630615;{'2932/1000'};26.244882106781006;{'2772/1000'};170.94526195526123;{'2602/1000'};476.4920048713684;{'3569/1000'};5.969303131103516;{'3188/1000'};41.90626406669617;{'3024/1000'};239.72021794319153;{'2834/1000'};671.2501142024994;{'3697/1000'};7.142574787139893;{'3316/1000'};33.03193497657776;{'3150/1000'};245.5895128250122;{'2950/1000'};623.7164361476898
FVPR;{'54912/1000'};0.3819246292114258;{'54912/1000'};1.0419375896453857;{'26400/1000'};2.3372561931610107;{'26400/1000'};9.829133749008179;{'1416/1000'};0.0832216739654541;{'1012/1000'};0.2697618007659912;{'882/1000'};0.6844940185546875;{'862/1000'};1.8500046730041504;{'3759/1000'};0.1140902042388916;{'2676/1000'};0.39259910583496094;{'1622/1000'};1.5396411418914795;{'1582/1000'};3.4847917556762695;{'1777/1000'};0.23170089721679688;{'1396/1000'};0.7059016227722168;{'1260/1000'};2.4596967697143555;{'1210/1000'};8.046178340911865;{'2033/1000'};0.3490946292877197;{'1652/1000'};1.1064624786376953;{'1512/1000'};3.6284918785095215;{'1442/1000'};9.1541268825531;{'2289/1000'};0.48795008659362793;{'1908/1000'};1.633695125579834;{'1764/1000'};7.264546871185303;{'1674/1000'};15.247802972793579;{'2417/1000'};0.4926915168762207;{'2036/1000'};1.7045567035675049;{'1890/1000'};6.361418008804321;{'1790/1000'};17.307422399520874;{'2673/1000'};0.7486464977264404;{'2292/1000'};2.4688425064086914;{'2142/1000'};8.30359959602356;{'2022/1000'};28.127472400665283;{'2929/1000'};0.9899423122406006;{'2548/1000'};4.473947286605835;{'2394/1000'};28.00095009803772;{'2254/1000'};79.63752102851868;{'3057/1000'};1.058915376663208;{'2676/1000'};4.657373666763306;{'2520/1000'};33.63538360595703;{'2370/1000'};87.92395806312561;{'3313/1000'};1.495368480682373;{'2932/1000'};6.0617454051971436;{'2772/1000'};34.32822775840759;{'2602/1000'};240.36348509788513;{'3569/1000'};1.9154369831085205;{'3188/1000'};6.756091833114624;{'3024/1000'};70.77027678489685;{'2834/1000'};338.74071192741394;{'3697/1000'};1.915684461593628;{'3316/1000'};8.412018775939941;{'3150/1000'};33.32299542427063;{'2950/1000'};418.80161786079407
LLX;{'54.912'};0.6828367710113525;{'54.912'};1.4833757877349854;{'26.4'};11.338418006896973;{'26.4'};32.71003007888794;{'1.416'};0.19292092323303223;{'1.012'};0.46009087562561035;{'0.882'};1.7153918743133545;{'0.862'};6.253973960876465;{'3.759'};0.17839789390563965;{'2.676'};0.5781543254852295;{'1.622'};2.8562638759613037;{'1.582'};7.24654483795166;{'1.777'};0.3878929615020752;{'1.396'};1.1469738483428955;{'1.26'};6.579137802124023;{'1.21'};18.27298402786255;{'2.033'};0.5472161769866943;{'1.652'};1.920408010482788;{'1.512'};10.673463106155396;{'1.442'};28.0970561504364;{'2.289'};0.8262839317321777;{'1.908'};3.248204231262207;{'1.764'};21.971170902252197;{'1.674'};58.589953899383545;{'2.417'};1.0578501224517822;{'2.036'};3.9905710220336914;{'1.89'};21.68079423904419;{'1.79'};85.08388185501099;{'2.673'};1.4630780220031738;{'2.292'};5.457838773727417;{'2.142'};39.39467406272888;{'2.022'};115.3680419921875;;;;;;;;;{'3.057'};3.016350030899048;{'2.676'};15.10213303565979;{'2.52'};135.55137729644775;{'2.37'};437.28844165802;{'3.313'};4.27141809463501;{'2.932'};20.963096857070923;{'2.772'};195.91395592689514;{'2.602'};482.9219832420349;{'3.569'};5.145222187042236;{'3.188'};32.645379066467285;{'3.024'};189.1341450214386;{'2.834'};493.6259799003601;{'3.697'};6.0964579582214355;{'3.316'};33.23822212219238;{'3.15'};319.2890999317169;{'2.95'};656.4607920646667
LPR;{'54.912'};1.2695410251617432;{'54.912'};2.2052078247070312;{'26.4'};11.866026878356934;{'26.4'};28.23827576637268;{'1.416'};0.19598388671875;{'1.012'};0.41278505325317383;{'0.882'};2.1123619079589844;{'0.862'};6.4893269538879395;{'3.759'};0.24440407752990723;{'2.676'};0.6088860034942627;{'1.622'};2.9508748054504395;{'1.582'};7.0969250202178955;{'1.777'};0.5149970054626465;{'1.396'};1.1934740543365479;{'1.26'};9.384440898895264;{'1.21'};26.919288873672485;{'2.033'};0.8275620937347412;{'1.652'};2.4312329292297363;{'1.512'};28.89928698539734;{'1.442'};67.15123200416565;{'2.289'};1.953244924545288;{'1.908'};5.010558128356934;{'1.764'};70.1980390548706;{'1.674'};153.2829132080078;{'2.417'};2.1996347904205322;{'2.036'};6.007991075515747;{'1.89'};96.40949487686157;{'1.79'};210.3500919342041;{'2.673'};3.9583523273468018;{'2.292'};10.83611798286438;{'2.142'};292.88433480262756;{'2.022'};458.8340208530426;{'2.929'};11.516376972198486;{'2.548'};54.43180704116821;{'2.394'};2592.9249091148376;;;{'3.057'};9.668817281723022;{'2.676'};44.3134331703186;{'2.52'};3300.6024079322815;;;{'3.313'};40.32083201408386;{'2.932'};266.2020308971405;;;;;{'3.569'};89.46840190887451;{'3.188'};284.24729180336;;;;;{'3.697'};73.39664912223816;{'3.316'};715.1591560840607;;;;
PRL;{'54.912'};0.4969291687011719;{'54.912'};2.0157320499420166;{'26.4'};6.003274917602539;{'26.4'};14.63864803314209;{'1.416'};0.23944807052612305;{'1.012'};0.42015814781188965;{'0.882'};1.8033010959625244;{'0.862'};4.670629024505615;{'3.759'};0.25105977058410645;{'2.676'};0.6899771690368652;{'1.622'};1.494462013244629;{'1.582'};6.556710243225098;{'1.777'};0.43227505683898926;{'1.396'};1.3436298370361328;{'1.26'};4.031062126159668;{'1.21'};9.19558596611023;{'2.033'};0.6164889335632324;{'1.652'};2.079636812210083;{'1.512'};8.308136940002441;{'1.442'};17.83797788619995;{'2.289'};1.2002532482147217;{'1.908'};3.1211578845977783;{'1.764'};17.50958490371704;{'1.674'};41.34083008766174;{'2.417'};1.3436412811279297;{'2.036'};3.6169309616088867;{'1.89'};18.51695489883423;{'1.79'};34.99257016181946;{'2.673'};1.9620780944824219;{'2.292'};7.887637138366699;{'2.142'};41.565574169158936;{'2.022'};59.227957010269165;{'2.929'};4.278160095214844;{'2.548'};15.153509140014648;{'2.394'};348.5021917819977;{'2.254'};528.0387351512909;{'3.057'};3.268700122833252;{'2.676'};28.819897174835205;{'2.52'};379.89943981170654;{'2.37'};755.9355001449585;{'3.313'};8.035989046096802;{'2.932'};115.94936800003052;{'2.772'};742.6179699897766;;;{'3.569'};55.792845010757446;{'3.188'};370.8453848361969;{'3.024'};2697.233391046524;;;{'3.697'};26.350443124771118;{'3.316'};244.17829608917236;{'3.15'};2541.599560022354;;
PRLX;{'54912/1000'};0.4686741828918457;{'54912/1000'};1.4573938846588135;{'26400/1000'};5.625209093093872;{'26400/1000'};20.27741503715515;{'1416/1000'};0.1638960838317871;{'1012/1000'};0.4196169376373291;{'882/1000'};0.9961409568786621;{'862/1000'};4.20741605758667;{'3759/1000'};0.19123411178588867;{'2676/1000'};0.5197749137878418;{'1622/1000'};1.5885498523712158;{'1582/1000'};3.5783028602600098;{'1777/1000'};0.38029003143310547;{'1396/1000'};1.048462152481079;{'1260/1000'};4.387281179428101;{'1210/1000'};6.6422600746154785;{'2033/1000'};0.5884048938751221;{'1652/1000'};1.586928129196167;{'1512/1000'};6.28314995765686;{'1442/1000'};11.938806056976318;{'2289/1000'};0.8341109752655029;{'1908/1000'};2.682068109512329;{'1764/1000'};8.581862926483154;{'1674/1000'};45.53587794303894;{'2417/1000'};0.8324120044708252;{'2036/1000'};2.737816095352173;{'1890/1000'};14.426180839538574;{'1790/1000'};40.437010288238525;{'2673/1000'};1.1285529136657715;{'2292/1000'};4.724865913391113;{'2142/1000'};28.10305404663086;{'2022/1000'};85.20906710624695;{'2929/1000'};1.619659185409546;{'2548/1000'};6.2573511600494385;{'2394/1000'};92.01562690734863;{'2254/1000'};559.9118671417236;{'3057/1000'};1.7702357769012451;{'2676/1000'};7.257678031921387;{'2520/1000'};165.63411617279053;{'2370/1000'};401.4292871952057;{'3313/1000'};2.7801883220672607;{'2932/1000'};9.789870738983154;{'2772/1000'};267.97130608558655;{'2602/1000'};1185.9613800048828;{'3569/1000'};3.267251968383789;{'3188/1000'};12.457028865814209;{'3024/1000'};274.42029309272766;{'2834/1000'};1827.222985982895;{'3697/1000'};3.987528085708618;{'3316/1000'};12.90204906463623;{'3150/1000'};209.68466567993164;{'2950/1000'};2245.5314428806305
FVLLX;{'54.912'};0.47887372970581055;{'54.912'};1.2447750568389893;{'26.4'};8.163810968399048;{'26.4'};22.01720905303955;{'1.416'};0.13573098182678223;{'1.012'};0.3780801296234131;{'0.882'};1.113379955291748;{'0.862'};3.112901210784912;{'3.759'};0.15908598899841309;{'2.676'};0.48089599609375;{'1.622'};1.957885980606079;{'1.582'};4.616846084594727;{'1.777'};0.30036401748657227;{'1.396'};1.1818318367004395;{'1.26'};6.389190912246704;{'1.21'};17.07462191581726;{'2.033'};0.5864598751068115;{'1.652'};1.9508981704711914;{'1.512'};10.583618879318237;{'1.442'};36.14269399642944;{'2.289'};0.8743629455566406;{'1.908'};3.120352029800415;{'1.764'};20.01547408103943;{'1.674'};78.2237389087677;{'2.417'};1.0379016399383545;{'2.036'};3.713977813720703;{'1.89'};25.001251935958862;{'1.79'};56.981525897979736;{'2.673'};1.5755040645599365;{'2.292'};5.735448837280273;{'2.142'};42.39908313751221;{'2.022'};117.94738674163818;{'2.929'};2.520437002182007;{'2.548'};13.12130618095398;{'2.394'};123.77290797233582;{'2.254'};308.4222528934479;{'3.057'};3.1923158168792725;{'2.676'};18.169384002685547;{'2.52'};159.82915925979614;{'2.37'};332.58752512931824;{'3.313'};4.630343914031982;{'2.932'};22.526565074920654;{'2.772'};177.09505581855774;{'2.602'};462.46714878082275;{'3.569'};5.350738763809204;{'3.188'};29.464070796966553;{'3.024'};167.0166311264038;{'2.834'};362.309210062027;{'3.697'};5.745800018310547;{'3.316'};35.80941319465637;{'3.15'};285.91245913505554;{'2.95'};609.8595221042633
FVLPR;{'54.912'};0.5616230964660645;{'54.912'};1.4366650581359863;{'26.4'};10.031072854995728;{'26.4'};29.488510847091675;{'1.416'};0.15253591537475586;{'1.012'};0.41371607780456543;{'0.882'};1.2056207656860352;{'0.862'};2.609380006790161;{'3.759'};0.18214035034179688;{'2.676'};0.6262540817260742;{'1.622'};1.7616331577301025;{'1.582'};5.074021100997925;{'1.777'};0.42361903190612793;{'1.396'};1.2892279624938965;{'1.26'};8.02814793586731;{'1.21'};20.17592215538025;{'2.033'};0.7875359058380127;{'1.652'};2.301677942276001;{'1.512'};14.512527704238892;{'1.442'};38.51563501358032;{'2.289'};1.1728529930114746;{'1.908'};3.517937183380127;{'1.764'};33.63720512390137;{'1.674'};90.87397694587708;{'2.417'};1.2754120826721191;{'2.036'};4.20128607749939;{'1.89'};27.729533910751343;{'1.79'};98.92168092727661;{'2.673'};1.7316908836364746;{'2.292'};6.296412944793701;{'2.142'};45.50727295875549;{'2.022'};147.7255129814148;{'2.929'};3.867594003677368;{'2.548'};14.349715948104858;{'2.394'};263.52611112594604;{'2.254'};627.9675879478455;{'3.057'};3.853713035583496;{'2.676'};14.444929838180542;{'2.52'};188.76644206047058;{'2.37'};680.0528697967529;{'3.313'};4.498111009597778;{'2.932'};19.297113180160522;{'2.772'};241.86649799346924;{'2.602'};745.8413481712341;{'3.569'};7.214577913284302;{'3.188'};27.070218086242676;{'3.024'};452.34607315063477;{'2.834'};1960.0828869342804;{'3.697'};6.927720308303833;{'3.316'};28.613567113876343;{'3.15'};416.98513007164;;
LPRLX;{'54.912'};0.9761981964111328;{'54.912'};1.8860151767730713;{'26.4'};18.11234712600708;{'26.4'};63.74558210372925;{'1.416'};0.18568086624145508;{'1.012'};0.5326390266418457;{'0.882'};2.811674118041992;{'0.862'};4.602428913116455;{'3.759'};0.25497913360595703;{'2.676'};0.6772658824920654;{'1.622'};2.5502750873565674;{'1.582'};9.400960922241211;{'1.777'};0.624061107635498;{'1.396'};1.4428210258483887;{'1.26'};10.02517580986023;{'1.21'};27.269385814666748;{'2.033'};0.6899528503417969;{'1.652'};2.5999207496643066;{'1.512'};32.493828773498535;{'1.442'};59.665501832962036;{'2.289'};1.599095106124878;{'1.908'};4.184485912322998;{'1.764'};44.72217583656311;{'1.674'};154.7148323059082;{'2.417'};1.7488458156585693;{'2.036'};5.1420769691467285;{'1.89'};85.12432289123535;{'1.79'};156.89351892471313;{'2.673'};3.0240211486816406;{'2.292'};8.757696151733398;{'2.142'};133.79002404212952;{'2.022'};319.66043496131897;{'2.929'};6.221675872802734;{'2.548'};33.74097990989685;{'2.394'};882.3666839599609;{'2.254'};4178.807412147522;{'3.057'};10.584464073181152;{'2.676'};28.033161878585815;{'2.52'};1010.042809009552;;;{'3.313'};19.69948697090149;{'2.932'};50.06455993652344;{'2.772'};2225.7488448619843;;;;;;;;;;;;;;;;;;
PRLLX;{'54.912'};0.6303601264953613;{'54.912'};2.248006820678711;{'26.4'};7.899422883987427;{'26.4'};15.792962074279785;{'1.416'};0.2458047866821289;{'1.012'};0.5448369979858398;{'0.882'};0.7395970821380615;{'0.862'};3.238272190093994;{'3.759'};0.31358790397644043;{'2.676'};0.5695381164550781;{'1.622'};2.0309860706329346;{'1.582'};3.713887929916382;{'1.777'};0.5014519691467285;{'1.396'};1.2853550910949707;{'1.26'};4.272077798843384;{'1.21'};7.816855192184448;{'2.033'};0.609785795211792;{'1.652'};2.124185800552368;{'1.512'};6.567706108093262;{'1.442'};19.001610040664673;{'2.289'};0.9380831718444824;{'1.908'};2.9103050231933594;{'1.764'};12.761075019836426;{'1.674'};31.69844889640808;{'2.417'};1.0103659629821777;{'2.036'};3.5305418968200684;{'1.89'};17.81805181503296;{'1.79'};36.0066659450531;{'2.673'};1.4041409492492676;{'2.292'};5.1331212520599365;{'2.142'};22.714237928390503;{'2.022'};64.36828899383545;{'2.929'};1.7814769744873047;{'2.548'};7.272051095962524;{'2.394'};112.50086712837219;{'2.254'};395.710844039917;{'3.057'};2.8921661376953125;{'2.676'};9.561625242233276;{'2.52'};106.54976010322571;{'2.37'};331.1696677207947;{'3.313'};3.147310972213745;{'2.932'};13.423975944519043;{'2.772'};168.69906997680664;{'2.602'};850.0622959136963;{'3.569'};4.371352910995483;{'3.188'};16.755955934524536;{'3.024'};299.31682205200195;{'2.834'};1993.9297897815704;{'3.697'};4.692993879318237;{'3.316'};18.32462787628174;{'3.15'};272.527126789093;{'2.95'};2673.4744188785553
FVPRL;{'54.912'};0.6169881820678711;{'54.912'};1.9183459281921387;{'26.4'};3.154395818710327;{'26.4'};20.68821620941162;{'1.416'};0.18678927421569824;{'1.012'};0.5341932773590088;{'0.882'};1.0272257328033447;{'0.862'};2.9048011302948;{'3.759'};0.16473984718322754;{'2.676'};0.6816830635070801;{'1.622'};1.9603009223937988;{'1.582'};5.829302072525024;{'1.777'};0.29265499114990234;{'1.396'};1.2455432415008545;{'1.26'};4.031473875045776;{'1.21'};12.935365200042725;{'2.033'};0.6074123382568359;{'1.652'};1.7227392196655273;{'1.512'};7.927757024765015;{'1.442'};14.909808158874512;{'2.289'};0.7575509548187256;{'1.908'};2.8187057971954346;{'1.764'};9.814609050750732;{'1.674'};26.034827947616577;{'2.417'};0.9159159660339355;{'2.036'};3.5536892414093018;{'1.89'};10.795248985290527;{'1.79'};21.23031711578369;{'2.673'};0.9118072986602783;{'2.292'};3.5630199909210205;{'2.142'};16.448838710784912;{'2.022'};36.750691175460815;{'2.929'};1.6663100719451904;{'2.548'};7.082884073257446;{'2.394'};46.09586024284363;{'2.254'};122.66172099113464;{'3.057'};2.118975877761841;{'2.676'};9.267311096191406;{'2.52'};54.15994691848755;{'2.37'};111.90772199630737;{'3.313'};2.3155171871185303;{'2.932'};10.107352018356323;{'2.772'};44.746866941452026;{'2.602'};138.29074692726135;{'3.569'};3.2519259452819824;{'3.188'};13.117024898529053;{'3.024'};76.09678196907043;{'2.834'};271.24917912483215;{'3.697'};3.3676071166992188;{'3.316'};13.434250116348267;{'3.15'};86.74712610244751;{'2.95'};194.57434797286987
FVPRLX;{'54.912'};0.3850569725036621;{'54.912'};1.162870168685913;{'26.4'};5.634263038635254;{'26.4'};14.050723791122437;{'1.416'};0.16393399238586426;{'1.012'};0.34369492530822754;{'0.882'};1.189012050628662;{'0.862'};2.720475196838379;{'3.759'};0.1330399513244629;{'2.676'};0.5121438503265381;{'1.622'};1.8993308544158936;{'1.582'};4.95636510848999;{'1.777'};0.2804532051086426;{'1.396'};0.9777791500091553;{'1.26'};3.8012630939483643;{'1.21'};8.495373010635376;{'2.033'};0.466839075088501;{'1.652'};1.4461429119110107;{'1.512'};5.97518515586853;{'1.442'};11.757153034210205;{'2.289'};0.715994119644165;{'1.908'};2.300503730773926;{'1.764'};6.7275800704956055;{'1.674'};18.360980987548828;{'2.417'};0.9185199737548828;{'2.036'};2.374048948287964;{'1.89'};11.020400047302246;{'1.79'};19.109578847885132;{'2.673'};0.9849939346313477;{'2.292'};3.8075010776519775;{'2.142'};12.028687953948975;{'2.022'};33.63500714302063;{'2.929'};1.4609379768371582;{'2.548'};6.293137311935425;{'2.394'};43.68271994590759;{'2.254'};83.54587292671204;{'3.057'};1.423367977142334;{'2.676'};6.331697940826416;{'2.52'};37.35436797142029;{'2.37'};148.81191682815552;{'3.313'};1.9263548851013184;{'2.932'};7.814429044723511;{'2.772'};56.32551407814026;{'2.602'};165.4904751777649;{'3.569'};2.5535781383514404;{'3.188'};10.042901992797852;{'3.024'};77.34954404830933;{'2.834'};182.07314705848694;{'3.697'};2.445915937423706;{'3.316'};12.683336019515991;{'3.15'};61.44262504577637;{'2.95'};220.8236482143402
FVLPRLX;{'54.912'};0.6684842109680176;{'54.912'};1.7406420707702637;{'26.4'};6.904686212539673;{'26.4'};32.363043785095215;{'1.416'};0.1534571647644043;{'1.012'};0.4006662368774414;{'0.882'};1.5049121379852295;{'0.862'};3.8323099613189697;{'3.759'};0.160905122756958;{'2.676'};0.5448739528656006;{'1.622'};2.2144970893859863;{'1.582'};6.228843927383423;{'1.777'};0.5594840049743652;{'1.396'};1.3382320404052734;{'1.26'};6.431066036224365;{'1.21'};20.900612115859985;{'2.033'};0.6771960258483887;{'1.652'};2.8051462173461914;{'1.512'};14.7723867893219;{'1.442'};51.31549000740051;{'2.289'};1.0087261199951172;{'1.908'};3.856444835662842;{'1.764'};27.262784004211426;{'1.674'};69.52784299850464;{'2.417'};1.6119709014892578;{'2.036'};4.410661935806274;{'1.89'};45.99860382080078;{'1.79'};113.07396984100342;{'2.673'};1.623810052871704;{'2.292'};6.400146961212158;{'2.142'};51.96187376976013;{'2.022'};143.92855310440063;{'2.929'};3.561707019805908;{'2.548'};12.762645959854126;{'2.394'};209.11531591415405;{'2.254'};776.9819459915161;{'3.057'};3.9204490184783936;{'2.676'};16.479148626327515;{'2.52'};305.0521581172943;{'2.37'};749.3401980400085;{'3.313'};5.907317161560059;{'2.932'};19.994197607040405;{'2.772'};437.22110295295715;{'2.602'};1239.2390549182892;{'3.569'};6.356822967529297;{'3.188'};25.926372051239014;{'3.024'};378.49222898483276;{'2.834'};1717.0929598808289;{'3.697'};7.479309797286987;{'3.316'};24.203522205352783;{'3.15'};414.63030338287354;{'2.95'};1686.2867619991302
FVPRLLX;{'54.912'};0.6882901191711426;{'54.912'};1.650245189666748;{'26.4'};3.651898145675659;{'26.4'};15.138199090957642;{'1.416'};0.23485994338989258;{'1.012'};0.3858938217163086;{'0.882'};1.2443382740020752;{'0.862'};3.20184326171875;{'3.759'};0.18727779388427734;{'2.676'};0.7356882095336914;{'1.622'};1.5089919567108154;{'1.582'};5.209702968597412;{'1.777'};0.4062941074371338;{'1.396'};1.4959418773651123;{'1.26'};3.484606981277466;{'1.21'};7.628055095672607;{'2.033'};0.5430958271026611;{'1.652'};1.9375250339508057;{'1.512'};5.742997169494629;{'1.442'};12.805814027786255;{'2.289'};0.8576738834381104;{'1.908'};3.033390760421753;{'1.764'};10.280566692352295;{'1.674'};24.363643169403076;{'2.417'};0.9813249111175537;{'2.036'};3.6810100078582764;{'1.89'};10.198500871658325;{'1.79'};27.332032918930054;{'2.673'};1.0752830505371094;{'2.292'};4.510365962982178;{'2.142'};15.607716083526611;{'2.022'};37.20180892944336;{'2.929'};1.9603919982910156;{'2.548'};8.207780122756958;{'2.394'};36.05450773239136;{'2.254'};113.1229100227356;{'3.057'};1.7854690551757812;{'2.676'};8.312352180480957;{'2.52'};52.38516092300415;{'2.37'};224.75323224067688;{'3.313'};2.6775670051574707;{'2.932'};11.354382276535034;{'2.772'};65.58050489425659;{'2.602'};193.3106710910797;{'3.569'};3.383051872253418;{'3.188'};13.270555019378662;{'3.024'};77.34968590736389;{'2.834'};220.43015813827515;{'3.697'};3.5039780139923096;{'3.316'};15.52667784690857;{'3.15'};120.27054405212402;{'2.95'};254.79490494728088
